dow,avg,buy_unit
0,0.85559279,KG
1,0.860495004,KG
2,0.861586948,KG
3,0.859426412,KG
4,0.858503017,KG
5,0.858740437,KG
6,0.854439558,KG
0,0.854157443,UN
1,0.859035495,UN
2,0.859127339,UN
3,0.857740176,UN
4,0.858062306,UN
5,0.854800818,UN
6,0.851718491,UN
